{
  "generated_at": "2026-01-14T15:27:43.974349",
  "platform": "generic",
  "summary": {
    "included_count": 2,
    "missing_count": 0,
    "total_size_bytes": 170
  },
  "included_documents": [
    {
      "doc_id": "E2E_DOC_372a6999_0_0",
      "type_id": "E2E_TYPE_372a6999_0",
      "type_name": "E2E Test Type 1",
      "subject": "PERSON_E2E_PERSON_372a6999",
      "period": "2025-09",
      "filename": "e2e_test_2025-09.pdf",
      "size_bytes": 85,
      "scope": "worker",
      "status": "reviewed"
    },
    {
      "doc_id": "E2E_DOC_372a6999_0_1",
      "type_id": "E2E_TYPE_372a6999_0",
      "type_name": "E2E Test Type 1",
      "subject": "PERSON_E2E_PERSON_372a6999",
      "period": "2025-08",
      "filename": "e2e_test_2025-08.pdf",
      "size_bytes": 85,
      "scope": "worker",
      "status": "reviewed"
    }
  ],
  "missing_documents": [],
  "plan_missing": [],
  "meta": {
    "plan_id": "E2E_TEST_PLAN",
    "decision": "READY",
    "created_at": "2026-01-14T14:27:43.968Z"
  }
}